id,Age,Gender,Education Level,Job Title,Years of Experience,Salary,first_name,last_name,email
1,32,Male,Bachelor's,Software Engineer,5,900000,Marianne,Baskerfield,mbaskerfield0@usgs.gov
2,28,Female,Master's,Data Analyst,3,650000,Lenore,Powell,lpowell1@amazon.com
3,45,Male,PhD,Senior Manager,15,1500000,Devina,Franssen,dfranssen2@youtu.be
4,36,Female,Bachelor's,Sales Associate,7,600000,Rabi,Coward,rcoward3@about.com
5,52,Male,Master's,Director,20,2000000,Stormie,Barham,sbarham4@twitter.com
6,29,Male,Bachelor's,Marketing Analyst,2,550000,Fonz,Bowes,fbowes5@psu.edu
7,42,Female,Master's,Product Manager,12,1200000,Garv,Melody,gmelody6@boston.com
8,31,Male,Bachelor's,Sales Manager,4,800000,Frank,Anderer,fanderer7@fema.gov
9,26,Female,Bachelor's,Marketing Coordinator,1,450000,Lucinda,Kindle,lkindle8@plala.or.jp
10,38,Male,PhD,Senior Scientist,10,1100000,Angy,Yoseloff,ayoseloff9@diigo.com
11,29,Male,Master's,Software Developer,3,750000,Rolfe,Byers,rbyersa@vk.com
12,48,Female,Bachelor's,HR Manager,18,1400000,Veda,Rutledge,vrutledgeb@ebay.com
13,35,Male,Bachelor's,Financial Analyst,6,650000,Wylie,Simonnot,wsimonnotc@google.co.jp
14,40,Female,Master's,Project Manager,14,1300000,Brenna,Scarfe,bscarfed@goo.gl
15,27,Male,Bachelor's,Customer Service Rep,2,400000,Carmencita,Pybworth,cpybworthe@patch.com
16,44,Male,Bachelor's,Operations Manager,16,1250000,Derry,Liell,dliellf@upenn.edu
17,33,Female,Master's,Marketing Manager,7,900000,Selia,Obbard,sobbardg@cocolog-nifty.com
18,39,Male,PhD,Senior Engineer,12,1150000,Jaquenette,Aleveque,jalevequeh@google.ru
19,25,Female,Bachelor's,Data Entry Clerk,0,350000,Shandy,Fearnill,sfearnilli@dmoz.org
20,51,Male,Bachelor's,Sales Director,22,1800000,Harbert,Bakeup,hbakeupj@unicef.org
21,34,Female,Master's,Business Analyst,5,800000,Julia,Bernholt,jbernholtk@skype.com
22,47,Male,Master's,VP of Operations,19,1900000,Cortie,Lipyeat,clipyeatl@narod.ru
23,30,Male,Bachelor's,IT Support,2,500000,Drucie,Yoxen,dyoxenm@google.co.jp
24,36,Female,Bachelor's,Recruiter,9,600000,Carl,Moye,cmoyen@toplist.cz
25,41,Male,Master's,Financial Manager,13,1400000,Sancho,Thaw,sthawo@youtu.be
26,28,Female,Bachelor's,Social Media Specialist,3,450000,Joeann,Manoelli,jmanoellip@miibeian.gov.cn
27,37,Female,Master's,Software Manager,11,1100000,Sean,Saint,ssaintq@phpbb.com
28,24,Male,Bachelor's,Junior Developer,1,400000,Selle,Bickle,sbickler@yellowbook.com
29,43,Female,PhD,Senior Consultant,15,1400000,Chantalle,Kesley,ckesleys@dot.gov
30,33,Male,Master's,Product Designer,6,900000,Selie,Catto,scattot@aol.com
31,50,Male,Bachelor's,CEO,25,2500000,Kelsi,Lipson,klipsonu@netvibes.com
32,31,Female,Bachelor's,Accountant,4,550000,Janeta,Coiley,jcoileyv@dedecms.com
33,29,Male,Master's,Data Scientist,3,750000,Walden,Le Count,wlecountw@buzzfeed.com
34,39,Female,Bachelor's,Marketing Specialist,10,650000,Marys,Waghorne,mwaghornex@technorati.com
35,46,Male,PhD,Senior Manager,20,1700000,Iorgo,Olsen,iolseny@shutterfly.com
36,27,Male,Bachelor's,Technical Writer,2,450000,Coleen,Hebborne,chebbornez@storify.com
37,35,Female,Bachelor's,HR Generalist,7,600000,Georgie,Sibyllina,gsibyllina10@1und1.de
38,42,Male,Master's,Project Engineer,14,1150000,Giorgia,Moogan,gmoogan11@nhs.uk
39,26,Female,Bachelor's,Customer Success Rep,1,400000,Alameda,FitzAlan,afitzalan12@cisco.com
40,49,Male,Bachelor's,Sales Executive,21,1600000,Pauletta,Lillecrap,plillecrap13@techcrunch.com
41,34,Female,Master's,UX Designer,5,800000,Lennie,Coote,lcoote14@creativecommons.org
42,48,Male,Master's,Operations Director,18,1900000,Whitaker,Forkan,wforkan15@cocolog-nifty.com
43,30,Male,Bachelor's,Network Engineer,3,600000,Ezekiel,Bysshe,ebysshe16@over-blog.com
44,36,Female,Bachelor's,Administrative Assistant,8,450000,Joline,Le Noire,jlenoire17@geocities.com
45,41,Male,Master's,Strategy Consultant,13,1300000,Jobey,Greenough,jgreenough18@mlb.com
46,28,Female,Bachelor's,Copywriter,2,400000,Doy,Beyne,dbeyne19@weather.com
47,32,Male,Bachelor's,Account Manager,5,750000,Eliot,Fallanche,efallanche1a@exblog.jp
48,45,Female,Master's,Director of Marketing,16,1800000,Nedda,Halegarth,nhalegarth1b@tinypic.com
49,38,Male,PhD,Senior Scientist,11,1200000,Kristopher,McOwan,kmcowan1c@abc.net.au
50,25,Male,Bachelor's,Help Desk Analyst,0,350000,Florida,Flatt,fflatt1d@bandcamp.com
51,51,Female,Bachelor's,Customer Service Manager,22,1300000,Celestina,Crimin,ccrimin1e@umich.edu
52,33,Male,Master's,Business Intelligence Analyst,7,850000,Zachary,Woolacott,zwoolacott1f@csmonitor.com
53,40,Female,Bachelor's,Event Coordinator,12,600000,Zerk,Chanter,zchanter1g@upenn.edu
54,47,Male,Master's,VP of Finance,19,2000000,Wynnie,Perillo,wperillo1h@mlb.com
55,29,Female,Bachelor's,Graphic Designer,3,500000,Dulce,Bilovus,dbilovus1i@abc.net.au
56,36,Male,Bachelor's,Sales Manager,9,950000,Jenn,Berthod,jberthod1j@nifty.com
57,27,Female,Master's,UX Researcher,2,650000,Sigmund,Sidwell,ssidwell1k@ox.ac.uk
58,43,Male,PhD,Senior Engineer,17,1400000,Rosamund,Brion,rbrion1l@statcounter.com
59,30,Female,Bachelor's,Social Media Manager,4,550000,Ardelis,Brockley,abrockley1m@ehow.com
60,35,Male,Master's,Product Manager,7,1050000,Zelig,Renner,zrenner1n@stanford.edu
61,51,Female,Master's,Director of Operations,23,1700000,Barry,Revey,brevey1o@sourceforge.net
62,29,Male,Bachelor's,Marketing Analyst,3,500000,Rowen,Norrie,rnorrie1p@cdbaby.com
63,40,Female,Bachelor's,HR Manager,12,800000,Lindie,Morena,lmorena1q@360.cn
64,47,Male,PhD,Senior Data Scientist,21,1800000,Demott,Airton,dairton1r@alibaba.com
65,26,Male,Bachelor's,Junior Accountant,1,350000,Caralie,Krook,ckrook1s@networksolutions.com
66,38,Female,Master's,Digital Marketing Manager,10,900000,Muire,Mauchlen,mmauchlen1t@ihg.com
67,46,Male,Bachelor's,IT Manager,19,1200000,Christos,Legerton,clegerton1u@sourceforge.net
68,31,Female,Bachelor's,Customer Service Representative,5,450000,Dara,Gayler,dgayler1v@berkeley.edu
69,34,Male,Master's,Business Development Manager,8,900000,Florri,Tures,ftures1w@tripadvisor.com
70,49,Female,Master's,Senior Financial Analyst,18,1500000,Tawsha,Haucke,thaucke1x@google.com
71,33,Male,Bachelor's,Web Developer,6,650000,Buck,Deaves,bdeaves1y@sciencedirect.com
72,39,Female,Bachelor's,Recruiter,11,700000,Briggs,Georg,bgeorg1z@com.com
73,45,Male,PhD,Research Director,16,1900000,Romola,Valett,rvalett20@java.com
74,28,Male,Bachelor's,Technical Support Specialist,2,400000,Stacey,Franzonello,sfranzonello21@jalbum.net
75,42,Female,Master's,Creative Director,14,1200000,Brittaney,Kelner,bkelner22@bizjournals.com
76,37,Male,Bachelor's,Project Manager,10,950000,Kelvin,Gotmann,kgotmann23@ycombinator.com
77,50,Female,Bachelor's,Operations Manager,22,1600000,Hagan,McRobb,hmcrobb24@creativecommons.org
78,32,Male,Master's,Senior Software Engineer,6,1000000,Constance,Nystrom,cnystrom25@prweb.com
79,48,Female,Master's,Human Resources Director,20,1800000,Gannon,Richly,grichly26@amazon.co.jp
80,30,Female,Bachelor's,Content Marketing Manager,3,550000,Roddie,Gomar,rgomar27@indiegogo.com
81,36,Male,Bachelor's,Technical Recruiter,8,700000,Vale,Colegrove,vcolegrove28@census.gov
82,41,Female,Master's,Data Analyst,13,800000,Minta,Dredge,mdredge29@biglobe.ne.jp
83,25,Male,Bachelor's,Sales Representative,0,300000,Bird,Sergant,bsergant2a@ning.com
84,52,Male,PhD,Chief Technology Officer,24,2500000,Ira,Orcott,iorcott2b@oracle.com
85,29,Female,Bachelor's,Junior Designer,2,400000,Cordula,Geach,cgeach2c@tuttocitta.it
86,34,Female,Master's,Financial Advisor,10,950000,Cinnamon,Agge,cagge2d@guardian.co.uk
87,27,Male,Bachelor's,Junior Account Manager,2,450000,Rufe,Dalzell,rdalzell2e@yelp.com
88,40,Female,Bachelor's,HR Generalist,15,800000,Daveen,Warre,dwarre2f@ftc.gov
89,46,Male,Master's,Senior Project Manager,21,1350000,Rori,Kidwell,rkidwell2g@pbs.org
90,31,Female,Bachelor's,Marketing Coordinator,6,550000,Esra,Chadbourne,echadbourne2h@howstuffworks.com
91,36,Male,PhD,Principal Scientist,11,1200000,Tammy,Pudge,tpudge2i@archive.org
92,29,Female,Bachelor's,Sales Associate,3,400000,Demott,Fudge,dfudge2j@mozilla.org
93,43,Male,Bachelor's,Supply Chain Manager,18,1050000,Edi,Castiello,ecastiello2k@dyndns.org
94,52,Female,Master's,Senior Marketing Manager,25,1700000,Jehanna,Simmins,jsimmins2l@oracle.com
95,33,Male,Bachelor's,Business Analyst,7,750000,Miles,Fermoy,mfermoy2m@tumblr.com
96,39,Female,Bachelor's,Training Specialist,12,650000,Jenilee,Glennard,jglennard2n@sciencedaily.com
97,47,Male,PhD,Research Scientist,22,1600000,Serene,Drummond,sdrummond2o@techcrunch.com
98,26,Male,Bachelor's,Junior Software Developer,1,350000,Christan,Floodgate,cfloodgate2p@dailymotion.com
99,38,Female,Master's,Public Relations Manager,10,900000,Philomena,Tungate,ptungate2q@w3.org
100,45,Male,Bachelor's,Operations Analyst,20,1100000,Kelbee,Maykin,kmaykin2r@ucla.edu
101,31,Female,Bachelor's,Event Coordinator,5,450000,Ivory,Stang-Gjertsen,istanggjertsen2s@ihg.com
102,35,Male,Master's,Product Marketing Manager,8,950000,Joellen,Ruter,jruter2t@reuters.com
103,49,Female,Master's,Senior HR Manager,19,1500000,Berkley,Garces,bgarces2u@webeden.co.uk
104,33,Male,Bachelor's,Junior Web Developer,5,500000,Keeley,Limbrick,klimbrick2v@sourceforge.net
105,39,Female,Master's,Senior Project Coordinator,13,800000,Emma,Kellough,ekellough2w@163.com
106,44,Male,PhD,Chief Data Officer,16,2200000,Pete,Jacquemard,pjacquemard2x@discuz.net
107,30,Female,Bachelor's,Digital Content Producer,3,500000,Ward,McClinton,wmcclinton2y@springer.com
108,36,Male,Bachelor's,IT Support Specialist,7,600000,Feodora,Koomar,fkoomar2z@parallels.com
109,41,Female,Master's,Senior Marketing Analyst,14,1000000,Layney,Casajuana,lcasajuana30@360.cn
110,28,Male,Bachelor's,Customer Success Manager,2,400000,Harli,Simka,hsimka31@opera.com
111,42,Female,Master's,Senior Graphic Designer,15,1100000,Zared,Dood,zdood32@mozilla.org
112,37,Male,Bachelor's,Software Project Manager,9,950000,Owen,Pentycross,opentycross33@issuu.com
113,50,Female,Bachelor's,Supply Chain Analyst,22,1300000,Wylie,Carn,wcarn34@mysql.com
114,32,Male,Master's,Senior Business Analyst,6,900000,Dougy,De Biaggi,ddebiaggi35@cisco.com
115,23,Female,Bachelor's,Junior Marketing Analyst,0.5,350000,Reggie,Cardus,rcardus36@cloudflare.com
116,31,Male,Master's,Senior Financial Analyst,6,950000,Salim,Reveland,sreveland37@usa.gov
117,40,Female,Bachelor's,Office Manager,15,650000,Matthaeus,Goodlatt,mgoodlatt38@cmu.edu
118,48,Male,PhD,Principal Engineer,20,1700000,Taylor,Vanderson,tvanderson39@altervista.org
119,29,Female,Bachelor's,Junior HR Generalist,3,450000,Melli,Fabri,mfabri3a@indiegogo.com
120,35,Male,Master's,Senior Product Manager,10,1200000,Judd,Killiner,jkilliner3b@skyrock.com
121,42,Female,Bachelor's,Sales Manager,17,1000000,Thedrick,Attac,tattac3c@psu.edu
122,53,Male,Master's,Director of Marketing,25,1800000,Barbe,Dickman,bdickman3d@nationalgeographic.com
123,33,Female,Bachelor's,Junior Operations Analyst,5,500000,Aldous,Beasley,abeasley3e@dedecms.com
124,38,Male,Bachelor's,Customer Service Manager,11,800000,Annis,Pidgen,apidgen3f@ustream.tv
125,44,Female,PhD,Senior Scientist,16,1400000,Layton,Chastand,lchastand3g@xinhuanet.com
126,26,Male,Bachelor's,Junior Accountant,2,400000,Starlin,Staddon,sstaddon3h@cdbaby.com
127,37,Female,Master's,Senior HR Generalist,9,950000,Bobbi,Rix,brix3i@xing.com
128,45,Male,Bachelor's,Sales Operations Manager,18,1100000,Llywellyn,Amoss,lamoss3j@wordpress.com
129,32,Female,Bachelor's,Marketing Coordinator,4,500000,Thebault,Bebis,tbebis3k@furl.net
130,34,Male,Master's,Senior Software Developer,8,1050000,Isak,Marden,imarden3l@csmonitor.com
131,50,Female,Master's,Director of Operations,21,1600000,Mechelle,Bollin,mbollin3m@chronoengine.com
132,29,Male,Bachelor's,Junior Web Designer,3,450000,Babita,Eyree,beyree3n@utexas.edu
133,40,Female,Master's,Senior Training Specialist,12,1000000,Javier,Hannent,jhannent3o@ebay.com
134,47,Male,PhD,Senior Research Scientist,22,1600000,Ganny,Pfeffel,gpfeffel3p@alibaba.com
135,27,Male,Bachelor's,Junior Sales Representative,1,350000,Cecelia,Tillot,ctillot3q@trellian.com
136,39,Female,Bachelor's,Administrative Assistant,10,550000,Natasha,Blamire,nblamire3r@yolasite.com
137,46,Male,Master's,Senior Project Manager,19,1400000,Giulietta,Perazzo,gperazzo3s@narod.ru
138,30,Female,Bachelor's,Junior Marketing Manager,4,500000,Pieter,Stuchburie,pstuchburie3t@nps.gov
139,36,Male,Bachelor's,Junior Data Analyst,7,600000,Pearline,Etuck,petuck3u@wired.com
140,43,Female,Master's,Senior Product Marketing Manager,14,1200000,Tibold,Blackmore,tblackmore3v@wix.com
141,28,Male,Bachelor's,Junior Business Analyst,2,400000,Shell,Nitto,snitto3w@imgur.com
142,41,Female,Master's,Senior Marketing Manager,13,1100000,Umberto,Steed,usteed3x@digg.com
143,33,Male,Bachelor's,Junior Software Developer,5,500000,Pavia,Vairow,pvairow3y@ustream.tv
144,47,Male,Bachelor's,Senior Sales Manager,20,1350000,Ximenez,Newcomen,xnewcomen3z@bloglovin.com
145,25,Female,Master's,Junior Marketing Specialist,1.5,400000,Charley,Realy,crealy40@spiegel.de
146,34,Male,Bachelor's,Senior Business Analyst,8,900000,Barton,Janman,bjanman41@salon.com
147,42,Female,PhD,Senior Data Scientist,16,1500000,Karna,Freeburn,kfreeburn42@about.me
148,31,Male,Bachelor's,Junior Project Manager,4,600000,Ailsun,Easom,aeasom43@google.ca
149,38,Female,Bachelor's,Senior Accountant,10,800000,Shawn,Jakeman,sjakeman44@sciencedirect.com
150,45,Male,Master's,Director of Sales,19,1750000,Burl,Pringour,bpringour45@latimes.com
151,29,Female,Bachelor's,Junior Recruiter,3,450000,Mitchael,Arndtsen,marndtsen46@mozilla.com
152,36,Male,Master's,Senior Business Development Manager,11,1200000,Brewster,Redd,bredd47@ucoz.com
153,43,Female,PhD,Senior Product Designer,18,1400000,Mariquilla,Selwyne,mselwyne48@surveymonkey.com
154,26,Male,Bachelor's,Junior Customer Support Specialist,2,350000,Urbain,Haggerston,uhaggerston49@shareasale.com
155,37,Female,Master's,Senior Marketing Analyst,9,950000,Armin,Piddlehinton,apiddlehinton4a@typepad.com
156,44,Male,Bachelor's,Senior IT Support Specialist,14,1100000,Candra,Dusting,cdusting4b@discuz.net
157,32,Female,Bachelor's,Junior Financial Analyst,5,500000,Hynda,Joskowitz,hjoskowitz4c@time.com
158,33,Male,Master's,Senior Operations Manager,7,1150000,Marylinda,Hugonneau,mhugonneau4d@yahoo.co.jp
159,51,Female,PhD,Director of Human Resources,23,1850000,Alastair,Cherm,acherm4e@shareasale.com
160,28,Male,Bachelor's,Junior Software Engineer,2,400000,Garret,Gouge,ggouge4f@domainmarket.com
161,39,Female,Bachelor's,Senior Sales Representative,12,900000,Vaughan,Conahy,vconahy4g@admin.ch
162,48,Male,Master's,Director of Product Management,21,1750000,Alfredo,Bennit,abennit4h@smugmug.com
163,30,Female,Bachelor's,Junior Copywriter,3,450000,Jarid,Cottell,jcottell4i@zimbio.com
164,35,Male,Bachelor's,Senior Marketing Coordinator,7,800000,Cletis,Lindstedt,clindstedt4j@reuters.com
165,41,Female,Master's,Senior Human Resources Manager,13,1200000,Munroe,Apdell,mapdell4k@mit.edu
166,27,Male,Bachelor's,Junior Business Development Associate,1.5,350000,Penn,Speeding,pspeeding4l@wikispaces.com
167,40,Female,Bachelor's,Senior Account Manager,14,1100000,Roze,Ogley,rogley4m@google.nl
168,46,Male,PhD,Senior Researcher,18,1500000,Imelda,Huddleston,ihuddleston4n@opera.com
169,31,Female,Bachelor's,Junior HR Coordinator,4,500000,Tommy,MacDunleavy,tmacdunleavy4o@accuweather.com
170,34,Male,Master's,Senior Software Engineer,9,1050000,Betsey,Mackney,bmackney4p@yahoo.com
171,50,Female,Master's,Director of Finance,20,1800000,Sergent,Chomicki,schomicki4q@istockphoto.com
172,29,Male,Bachelor's,Junior Marketing Coordinator,2,400000,Chadd,Grimmer,cgrimmer4r@huffingtonpost.com
173,43,Male,Bachelor's,Senior Project Manager,16,1400000,Birgit,Jaye,bjaye4s@seesaa.net
174,26,Female,Master's,Junior Data Scientist,1.5,450000,Atlanta,Woolmington,awoolmington4t@mit.edu
175,35,Male,Bachelor's,Senior Operations Analyst,7,850000,Damien,Scammonden,dscammonden4u@technorati.com
176,42,Female,PhD,Senior Marketing Manager,18,1400000,Cordey,Mabbott,cmabbott4v@wikispaces.com
177,31,Male,Bachelor's,Junior Accountant,4,500000,Agretha,Pymar,apymar4w@ted.com
178,38,Female,Bachelor's,Senior Human Resources Coordinator,10,800000,Florida,Carbery,fcarbery4x@dot.gov
179,46,Male,Master's,Director of Operations,20,1700000,Fae,Odgaard,fodgaard4y@mysql.com
180,29,Female,Bachelor's,Junior Sales Representative,2,400000,Dewey,Dantesia,ddantesia4z@zdnet.com
181,37,Male,Master's,Senior Business Analyst,9,1050000,Rriocard,Kinsella,rkinsella50@sun.com
182,44,Female,PhD,Senior UX Designer,15,1450000,Kimberley,Gorick,kgorick51@latimes.com
183,27,Male,Bachelor's,Junior Product Manager,2,400000,Constancy,Stickels,cstickels52@nifty.com
184,36,Female,Bachelor's,Senior Marketing Specialist,8,850000,Wilona,Annott,wannott53@istockphoto.com
185,43,Male,Bachelor's,Senior IT Project Manager,14,1300000,Thomasine,Hayer,thayer54@amazonaws.com
186,33,Female,Master's,Senior Financial Analyst,6,950000,Reider,Bosher,rbosher55@wikipedia.org
187,34,Male,Bachelor's,Senior Quality Assurance Analyst,9,1000000,Reg,Skurm,rskurm56@google.co.jp
188,50,Female,PhD,Director of Sales and Marketing,22,1800000,Harry,Stanyon,hstanyon57@seattletimes.com
189,28,Male,Bachelor's,Junior Operations Analyst,1.5,350000,Ban,Darrigone,bdarrigone58@nifty.com
190,39,Female,Bachelor's,Senior Account Executive,12,950000,Annice,Maliphant,amaliphant59@ucsd.edu
191,47,Male,Master's,Director of Business Development,19,1700000,Lib,Bruffell,lbruffell5a@europa.eu
192,30,Female,Bachelor's,Junior Social Media Manager,3,450000,Shelden,Brownlea,sbrownlea5b@mediafire.com
193,34,Male,Bachelor's,Senior Product Manager,7,950000,Joli,Frudd,jfrudd5c@sourceforge.net
194,40,Female,Master's,Senior Human Resources Specialist,13,1200000,Fee,Cattellion,fcattellion5d@latimes.com
195,28,Male,Bachelor's,Junior Business Analyst,2,400000,Jo ann,Terne,jterne5e@scribd.com
196,41,Female,Bachelor's,Senior Marketing Coordinator,11,900000,Sandro,Mannock,smannock5f@amazon.de
197,45,Male,PhD,Senior Data Analyst,17,1550000,Lola,Geroldini,lgeroldini5g@nasa.gov
198,32,Female,Bachelor's,Junior Account Manager,5,550000,Murial,Pittson,mpittson5h@domainmarket.com
199,35,Male,Master's,Senior Software Developer,9,1100000,Wain,Booij,wbooij5i@nba.com
200,49,Female,Master's,Director of Human Capital,21,1800000,Garrik,Arnould,garnould5j@ameblo.jp
201,30,Male,Bachelor's,Junior Advertising Coordinator,3,450000,Boyd,Louthe,blouthe5k@wiley.com
202,44,Male,Bachelor's,Senior Sales Manager,16,1300000,Clayborne,Gretton,cgretton5l@wix.com
203,27,Female,Master's,Junior UX Designer,1.5,450000,Caprice,Messingham,cmessingham5m@ed.gov
204,36,Male,Bachelor's,Senior Accountant,7,900000,Colas,McCloud,cmccloud5n@domainmarket.com
205,41,Female,PhD,Senior Marketing Director,17,1600000,Tamma,Flescher,tflescher5o@homestead.com
206,31,Male,Bachelor's,Junior HR Generalist,4,500000,Desi,Ellerker,dellerker5p@spotify.com
207,39,Female,Bachelor's,Senior Operations Manager,10,1200000,Thebault,Gooden,tgooden5q@dropbox.com
208,47,Male,Master's,Director of Finance,20,1700000,Leroi,Schulz,lschulz5r@i2i.jp
209,30,Female,Bachelor's,Junior Marketing Coordinator,2,400000,Ania,Lenox,alenox5s@hibu.com
210,38,Male,Master's,Senior IT Consultant,9,1100000,Cristie,Vice,cvice5t@craigslist.org
211,45,Female,PhD,Senior Product Designer,15,1500000,Reggi,Jeandon,rjeandon5u@apple.com
212,28,Male,Bachelor's,Junior Business Development Associate,2,400000,Kirsten,Manvelle,kmanvelle5v@sitemeter.com
213,35,Female,Bachelor's,Senior Marketing Analyst,8,850000,Bonnibelle,Olczyk,bolczyk5w@slashdot.org
214,44,Male,Bachelor's,Senior Software Engineer,14,1300000,Locke,Eble,leble5x@biglobe.ne.jp
215,34,Female,Master's,Senior Financial Advisor,6,1000000,Isaiah,Damsell,idamsell5y@fastcompany.com
216,35,Male,Bachelor's,Senior Project Coordinator,9,950000,Lek,Aslin,laslin5z@economist.com
217,50,Female,PhD,Director of Operations,22,1800000,Wileen,Mc Kellen,wmckellen60@goo.ne.jp
218,29,Male,Bachelor's,Junior Business Operations Analyst,1.5,350000,Bennie,Cason,bcason61@accuweather.com
219,40,Female,Bachelor's,Senior Sales Representative,12,1000000,Ame,Weavill,aweavill62@ebay.co.uk
220,48,Male,Master's,Director of Marketing,19,1700000,Gerti,Kayes,gkayes63@people.com.cn
221,31,Female,Bachelor's,Junior Social Media Specialist,3,450000,Wynny,Myrie,wmyrie64@economist.com
222,33,Male,Bachelor's,Senior Product Development Manager,7,1000000,Emlyn,Begwell,ebegwell65@wikimedia.org
223,42,Female,Master's,Senior Human Resources Manager,13,1400000,Phil,Norres,pnorres66@biblegateway.com
224,28,Male,Bachelor's,Junior Financial Analyst,2,400000,Mile,Tanti,mtanti67@fastcompany.com
225,40,Female,Bachelor's,Senior Marketing Manager,11,1050000,Jon,Hughill,jhughill68@cpanel.net
226,46,Male,PhD,Senior Data Scientist,18,1600000,Lester,Aymerich,laymerich69@chron.com
227,33,Female,Bachelor's,Junior Operations Manager,5,700000,Marlin,Cooney,mcooney6a@mozilla.org
228,37,Male,Master's,Senior Software Architect,9,1200000,Zoe,Depke,zdepke6b@tiny.cc
229,51,Female,Master's,Director of Human Resources,21,1900000,Jillene,Rogeon,jrogeon6c@netvibes.com
230,30,Male,Bachelor's,Junior Marketing Specialist,3,450000,Karyn,Feldhammer,kfeldhammer6d@ning.com
231,43,Male,Bachelor's,Senior Project Manager,15,1200000,Joyann,Waldocke,jwaldocke6e@godaddy.com
232,27,Female,Master's,Junior Research Scientist,1.5,500000,Claybourne,Hovington,chovington6f@va.gov
233,35,Male,Bachelor's,Senior Operations Analyst,8,850000,Freeman,Breede,fbreede6g@ibm.com
234,42,Female,PhD,Senior Marketing Manager,13,1400000,Merell,Pagan,mpagan6h@geocities.jp
235,32,Male,Bachelor's,Junior Sales Representative,3,450000,Mara,Harry,mharry6i@whitehouse.gov
236,37,Female,Bachelor's,Senior Financial Analyst,9,1000000,Cherice,Mularkey,cmularkey6j@bloglines.com
237,45,Male,Master's,Senior Software Developer,16,1400000,Malinde,Bischoff,mbischoff6k@is.gd
238,33,Female,Bachelor's,Junior Operations Analyst,5,700000,Norma,Wathey,nwathey6l@blinklist.com
239,39,Male,Bachelor's,Senior Marketing Specialist,10,1200000,Weider,Mullaney,wmullaney6m@pinterest.com
240,44,Female,PhD,Senior HR Manager,18,1600000,Ninette,Milella,nmilella6n@state.tx.us
241,29,Male,Bachelor's,Junior Business Analyst,1.5,400000,Halimeda,Torbard,htorbard6o@springer.com
242,38,Female,Bachelor's,Senior Product Manager,10,1200000,Sholom,Moncaster,smoncaster6p@google.cn
243,46,Male,PhD,Senior Data Analyst,19,1500000,Juliana,Wilcinskis,jwilcinskis6q@patch.com
244,34,Female,Bachelor's,Junior Marketing Analyst,6,700000,Regan,Proschke,rproschke6r@accuweather.com
245,36,Male,Bachelor's,Senior Operations Manager,8,950000,Oberon,Bedle,obedle6s@t.co
246,49,Female,Master's,Director of Marketing,21,1800000,Iorgo,Benedikt,ibenedikt6t@de.vu
247,31,Male,Bachelor's,Junior Financial Analyst,3,500000,Norby,Macia,nmacia6u@youtu.be
248,41,Female,Bachelor's,Senior Project Coordinator,11,950000,Kaela,Raw,kraw6v@biblegateway.com
249,47,Male,Master's,Director of Operations,20,1700000,Wells,Thonason,wthonason6w@123-reg.co.uk
250,30,Female,Bachelor's,Junior Marketing Coordinator,2,400000,Saul,Eversfield,seversfield6x@cdbaby.com
251,38,Male,Master's,Senior IT Consultant,9,1100000,Ephraim,Stimson,estimson6y@linkedin.com
252,45,Female,PhD,Senior Product Designer,15,1500000,Flora,Prayer,fprayer6z@squarespace.com
253,28,Male,Bachelor's,Junior Business Development Associate,2,400000,Fanya,Fish,ffish70@yahoo.co.jp
254,35,Female,Bachelor's,Senior Marketing Analyst,8,850000,Huntley,Elsmore,helsmore71@youtube.com
255,44,Male,Bachelor's,Senior Software Engineer,14,1300000,Lettie,Treherne,ltreherne72@goodreads.com
256,34,Female,Master's,Senior Financial Advisor,6,1000000,Magda,Brellin,mbrellin73@taobao.com
257,35,Male,Bachelor's,Senior Project Coordinator,9,950000,Abra,Heinl,aheinl74@japanpost.jp
258,50,Female,PhD,Director of Operations,22,1800000,Sigfried,Ottee,sottee75@theglobeandmail.com
259,29,Male,Bachelor's,Junior Business Operations Analyst,1.5,3500,Jerome,Jakolevitch,jjakolevitch76@infoseek.co.jp
260,37,Female,Bachelor's,Senior Financial Manager,10,1200000,Raphaela,Ausher,rausher77@nyu.edu
261,46,Male,PhD,Senior Data Scientist,18,1600000,Donnie,Birtley,dbirtley78@slashdot.org
262,31,Female,Bachelor's,Junior Marketing Coordinator,3,500000,Park,Goosey,pgoosey79@slideshare.net
263,42,Male,Bachelor's,Senior Operations Manager,12,1100000,Zane,Penfold,zpenfold7a@purevolume.com
264,29,Female,Bachelor's,Junior Sales Representative,1.5,400000,Arte,Mulqueeny,amulqueeny7b@geocities.jp
265,36,Male,Bachelor's,Senior Marketing Specialist,8,950000,Daffy,Edsell,dedsell7c@bing.com
266,44,Female,Master's,Senior HR Specialist,15,1400000,Wynn,Abramcik,wabramcik7d@google.cn
267,33,Male,Bachelor's,Junior Operations Manager,4,600000,Ramon,Frost,rfrost7e@google.co.jp
268,39,Female,Bachelor's,Senior Marketing Coordinator,9,1100000,Waylan,Woolen,wwoolen7f@nba.com
269,45,Male,PhD,Senior Data Engineer,16,1500000,Mayne,Ortega,mortega7g@people.com.cn
270,32,Female,Bachelor's,Junior Marketing Manager,4,600000,Jonell,Beltzner,jbeltzner7h@blinklist.com
271,37,Male,Bachelor's,Senior Financial Analyst,8,900000,Annelise,Micheu,amicheu7i@oracle.com
272,47,Female,Master's,Director of Marketing,20,1800000,Ardisj,McPhail,amcphail7j@youtu.be
273,30,Male,Bachelor's,Junior Business Analyst,2,400000,Engracia,Mahady,emahady7k@hexun.com
274,38,Female,Bachelor's,Senior Project Manager,9,1200000,Mallory,Blanden,mblanden7l@acquirethisname.com
275,46,Male,PhD,Senior Data Analyst,17,1600000,Franzen,Witherdon,fwitherdon7m@pbs.org
276,34,Female,Bachelor's,Junior Financial Analyst,5,700000,Rickie,Harg,rharg7n@dion.ne.jp
277,36,Male,Bachelor's,Senior Product Manager,8,950000,Robinet,Livoir,rlivoir7o@businessweek.com
278,49,Female,Master's,Director of Operations,21,1800000,Germain,Plaschke,gplaschke7p@thetimes.co.uk
279,31,Male,Bachelor's,Junior Operations Analyst,3,500000,Carolina,Goudard,cgoudard7q@nasa.gov
280,41,Female,Bachelor's,Senior Project Coordinator,11,950000,Noak,Simond,nsimond7r@stanford.edu
281,47,Male,Master's,Director of Marketing,19,1700000,Rice,Huckell,rhuckell7s@sogou.com
282,29,Female,Bachelor's,Junior Business Development Associate,1.5,350000,Arnaldo,Arlett,aarlett7t@stanford.edu
283,35,Male,Bachelor's,Senior Financial Manager,9,1000000,Berenice,Blazeby,bblazeby7u@spotify.com
284,44,Female,PhD,Senior Product Designer,15,1500000,Job,Obeney,jobeney7v@bandcamp.com
285,33,Male,Bachelor's,Junior Business Analyst,4,600000,Rebe,Lamont,rlamont7w@discuz.net
286,35,Female,Bachelor's,Senior Marketing Analyst,8,850000,Raul,Lacasa,rlacasa7x@scientificamerican.com
287,44,Male,Bachelor's,Senior Software Engineer,13,1300000,Oliviero,Mabbutt,omabbutt7y@unblog.fr
288,32,Male,Bachelor's,Junior Product Manager,4,650000,Quint,Meriet,qmeriet7z@godaddy.com
289,38,Female,Bachelor's,Senior Business Analyst,10,1100000,Orel,Inkle,oinkle80@yellowpages.com
290,49,Male,PhD,Director of Operations,21,1800000,Corrianne,Woofenden,cwoofenden81@harvard.edu
291,29,Female,Bachelor's,Junior Marketing Specialist,2,400000,Francisca,Brezlaw,fbrezlaw82@typepad.com
292,35,Male,Bachelor's,Senior Business Development Manager,7,900000,Ruperta,Bodman,rbodman83@tripadvisor.com
293,45,Female,Master's,Senior HR Manager,14,1400000,Jordain,Dyche,jdyche84@yellowbook.com
294,33,Male,Bachelor's,Junior Financial Analyst,4,600000,Serena,Llewelyn,sllewelyn85@reuters.com
295,40,Female,Bachelor's,Senior Marketing Manager,12,1300000,Kort,Stenners,kstenners86@studiopress.com
296,44,Male,PhD,Senior Data Scientist,16,1600000,Olia,Wastling,owastling87@nps.gov
297,30,Female,Bachelor's,Junior Operations Coordinator,2,400000,Horst,Thulborn,hthulborn88@merriam-webster.com
298,37,Male,Bachelor's,Senior Marketing Analyst,9,1000000,Ephraim,Rubinsohn,erubinsohn89@domainmarket.com
299,48,Female,Master's,Director of HR,20,1800000,Cherise,Sammut,csammut8a@slideshare.net
300,31,Male,Bachelor's,Junior Project Manager,3,550000,Lacy,Dilleston,ldilleston8b@surveymonkey.com
301,38,Female,Bachelor's,Senior Operations Coordinator,9,1200000,Clement,Frayling,cfrayling8c@google.es
302,45,Male,PhD,Senior Data Engineer,16,1500000,Hildegaard,Cuskery,hcuskery8d@ycombinator.com
303,33,Female,Bachelor's,Junior Marketing Manager,5,700000,Raine,Mobius,rmobius8e@theguardian.com
304,36,Male,Bachelor's,Senior Business Analyst,8,950000,Harp,Calcut,hcalcut8f@sina.com.cn
305,49,Female,Master's,Director of Marketing,21,1800000,Emilia,Haylett,ehaylett8g@archive.org
306,31,Male,Bachelor's,Junior Operations Analyst,3,500000,Felicle,Hinchshaw,fhinchshaw8h@bloglovin.com
307,42,Female,Bachelor's,Senior Project Manager,12,1200000,Ethe,De Freitas,edefreitas8i@netscape.com
308,47,Male,Master's,Director of Marketing,19,1700000,Nicoli,McCallion,nmccallion8j@github.com
309,29,Female,Bachelor's,Junior Business Development Associate,1.5,350000,Kaila,Doumenc,kdoumenc8k@usnews.com
310,35,Male,Bachelor's,Senior Financial Manager,9,1000000,Bathsheba,Glave,bglave8l@mozilla.org
311,44,Female,PhD,Senior Product Designer,15,1500000,Alasteir,Waring,awaring8m@e-recht24.de
312,33,Male,Bachelor's,Junior Business Analyst,4,600000,Faustina,Gammill,fgammill8n@europa.eu
313,35,Female,Bachelor's,Senior Marketing Analyst,8,850000,Sileas,Dancer,sdancer8o@github.io
314,44,Male,Bachelor's,Senior Software Engineer,13,1300000,Tarra,Jilkes,tjilkes8p@google.nl
315,34,Female,Master's,Senior Financial Advisor,6,800000,Carissa,Coppens,ccoppens8q@ustream.tv
316,36,Male,Bachelor's,Senior Marketing Specialist,8,950000,Olivia,Mordy,omordy8r@examiner.com
317,30,Female,Bachelor's,Junior HR Coordinator,2,400000,Gunter,Bigmore,gbigmore8s@usda.gov
318,37,Male,Bachelor's,Senior Business Development Manager,10,1200000,Doreen,Goldsberry,dgoldsberry8t@behance.net
319,45,Female,Master's,Senior Marketing Manager,16,1600000,Munmro,Dibb,mdibb8u@youtube.com
320,32,Male,Bachelor's,Junior Financial Advisor,4,650000,Tammi,Hanmer,thanmer8v@example.com
321,39,Female,Bachelor's,Senior Project Manager,12,1300000,Zackariah,Coles,zcoles8w@forbes.com
322,47,Male,PhD,Director of Engineering,20,1800000,Chane,Baumer,cbaumer8x@mac.com
323,29,Female,Bachelor's,Junior Marketing Analyst,2,400000,Stillman,Klimecki,sklimecki8y@i2i.jp
324,36,Male,Bachelor's,Senior Operations Manager,9,1000000,Nita,Lutwidge,nlutwidge8z@mlb.com
325,43,Female,PhD,Senior Data Scientist,15,1500000,Avictor,Danit,adanit90@upenn.edu
326,32,Male,Bachelor's,Junior Marketing Coordinator,3,550000,Hyman,Fairpo,hfairpo91@example.com
327,38,Female,Bachelor's,Senior Business Analyst,10,1100000,Scott,Vardey,svardey92@alexa.com
328,48,Male,Master's,Director of Marketing,21,1800000,Clerc,Gawthorpe,cgawthorpe93@newyorker.com
329,31,Female,Bachelor's,Junior Business Development Associate,3,500000,Ernest,Boman,eboman94@freewebs.com
330,40,Male,Bachelor's,Senior Financial Analyst,12,1300000,Albert,Aberkirdo,aaberkirdo95@wisc.edu
331,45,Female,PhD,Senior UX Designer,16,1600000,Edy,Mantripp,emantripp96@amazon.co.jp
332,33,Male,Bachelor's,Junior Product Manager,4,600000,Rosabella,Pieter,rpieter97@sourceforge.net
333,36,Female,Bachelor's,Senior Marketing Manager,8,950000,Suzie,Tutchener,stutchener98@slideshare.net
334,47,Male,Master's,Director of Operations,19,1700000,Mendel,Germain,mgermain99@1und1.de
335,29,Female,Bachelor's,Junior Project Manager,2,400000,Charleen,Whardley,cwhardley9a@bravesites.com
336,34,Male,Bachelor's,Senior Operations Coordinator,7,900000,Hinze,Helks,hhelks9b@intel.com
337,44,Female,PhD,Senior Business Analyst,15,1500000,Timmie,Casajuana,tcasajuana9c@quantcast.com
338,33,Male,Bachelor's,Junior Marketing Specialist,5,700000,Meghan,McDill,mmcdill9d@fastcompany.com
339,35,Female,Bachelor's,Senior Financial Manager,8,900000,Kalvin,Glassup,kglassup9e@phoca.cz
340,43,Male,Master's,Director of Marketing,18,1700000,Trefor,Shawell,tshawell9f@youtu.be
341,31,Female,Bachelor's,Junior Financial Analyst,3,500000,Etti,Mc Carrick,emccarrick9g@census.gov
342,41,Male,Bachelor's,Senior Product Manager,14,1500000,Jamima,Diffley,jdiffley9h@blogs.com
343,44,Female,PhD,Senior Data Engineer,16,1600000,Maynard,Fieldhouse,mfieldhouse9i@si.edu
344,33,Male,Bachelor's,Junior Business Analyst,4,600000,Mathias,Ende,mende9j@liveinternet.ru
345,35,Female,Bachelor's,Senior Marketing Analyst,8,850000,Federico,Juares,fjuares9k@drupal.org
346,45,Male,Master's,Director of Engineering,19,1800000,Briant,Clymo,bclymo9l@opensource.org
347,28,Female,Bachelor's,Junior Operations Manager,1,350000,Travis,Rentcome,trentcome9m@dedecms.com
348,36,Male,Bachelor's,Senior Business Development Manager,8,1100000,Gabbie,Izzett,gizzett9n@spiegel.de
349,44,Female,PhD,Senior Data Scientist,16,1600000,Nadia,Coppo,ncoppo9o@360.cn
350,31,Male,Bachelor's,Junior Marketing Coordinator,3,550000,Trumaine,Baggett,tbaggett9p@storify.com
351,38,Female,Bachelor's,Senior Business Analyst,10,1100000,Nanine,Bridgland,nbridgland9q@wordpress.com
352,48,Male,Master's,Director of Marketing,21,1800000,Xymenes,Matfield,xmatfield9r@163.com
353,31,Female,Bachelor's,Junior Business Development Associate,3,500000,Atalanta,Bundock,abundock9s@marriott.com
354,40,Male,Bachelor's,Senior Financial Analyst,12,1300000,Jannel,Clacson,jclacson9t@example.com
355,45,Female,PhD,Senior UX Designer,16,1600000,Kerk,Woollard,kwoollard9u@deliciousdays.com
356,33,Male,Bachelor's,Junior Product Manager,4,600000,Donica,Altoft,daltoft9v@etsy.com
357,36,Female,Bachelor's,Senior Marketing Manager,8,950000,Alica,Ashingden,aashingden9w@gravatar.com
358,47,Male,Master's,Director of Operations,19,1700000,Kit,Dykas,kdykas9x@exblog.jp
359,29,Female,Bachelor's,Junior Project Manager,2,400000,Tiebout,Harvatt,tharvatt9y@wsj.com
360,34,Male,Bachelor's,Senior Operations Coordinator,7,900000,Rahel,Cordell,rcordell9z@seattletimes.com
361,44,Female,PhD,Senior Business Analyst,15,1500000,Jayson,Dunlop,jdunlopa0@economist.com
362,33,Male,Bachelor's,Junior Marketing Specialist,5,700000,Drake,McAtamney,dmcatamneya1@harvard.edu
363,35,Female,Bachelor's,Senior Financial Manager,8,900000,Mariele,Colson,mcolsona2@sfgate.com
364,43,Male,Master's,Director of Marketing,18,1700000,Walker,Donohoe,wdonohoea3@vistaprint.com
365,31,Female,Bachelor's,Junior Financial Analyst,3,500000,Timofei,Radwell,tradwella4@networksolutions.com
366,41,Male,Bachelor's,Senior Product Manager,14,1500000,Graham,Gibbons,ggibbonsa5@bravesites.com
367,44,Female,PhD,Senior Data Engineer,16,1600000,Kerrie,Wyre,kwyrea6@nytimes.com
368,33,Male,Bachelor's,Junior Business Analyst,4,600000,Khalil,Halligan,khalligana7@nih.gov
369,35,Female,Bachelor's,Senior Marketing Analyst,8,850000,Perry,Rivitt,privitta8@barnesandnoble.com
370,43,Male,Master's,Director of Operations,19,1700000,Anallise,Cambridge,acambridgea9@scientificamerican.com
371,29,Female,Bachelor's,Junior Project Manager,2,400000,Toby,Rain,trainaa@infoseek.co.jp
372,34,Male,Bachelor's,Senior Operations Coordinator,7,900000,Martguerita,Jocelyn,mjocelynab@opera.com
373,44,Female,PhD,Senior Business Analyst,15,1500000,Farley,O'Caine,focaineac@tumblr.com
